

--create table user_authority (
--    authority varchar(255) not null,
--    primary key (authority)
--)
--
--create table user_details (
--    id bigint generated by default as identity (start with 1),
--    username varchar(255) not null,
--    password varchar(255) not null,
--    name varchar(255) not null,
--    enabled boolean not null,
--    administrator boolean not null,
--    create_date timestamp not null,
--    last_updated_date timestamp not null,
--    last_login_date timestamp,
--    number_of_visits integer not null,
--    primary key (id)
--)
--
--create table user_details_authorities (
--    user_details bigint not null,
--    authorities bigint not null
--)

INSERT INTO user_authority (authority) VALUES ('ROLE_USER');
INSERT INTO user_authority (authority) VALUES ('ROLE_ADMIN');

INSERT INTO user_details (id, version, username, password, name, enabled, create_date, last_updated_date, number_of_visits)
 VALUES (null, 1, 'mmeany', 'password1', 'Mark', true, '2014-05-01 07:00:00', '2014-05-01 07:00:00', 0);

INSERT INTO user_details (id, version, username, password, name, enabled, create_date, last_updated_date, number_of_visits)
 VALUES (null, 1, 'smeany', 'password1', 'Serena', true, '2014-06-11 08:22:00', '2014-06-11 08:45:00', 0);

INSERT INTO user_details (id, version, username, password, name, enabled, create_date, last_updated_date, number_of_visits)
 VALUES (null, 1, 'jsmith', 'password1', 'John', false, '2014-11-21 08:35:00', '2014-11-21 15:12:00', 0);

INSERT INTO user_details (id, version, username, password, name, enabled, create_date, last_updated_date, number_of_visits)
 VALUES (null, 1, 'rjones', 'password1', 'Rachel', true, '2014-08-09 10:11:00', '2014-08-09 07:30:00', 0);

INSERT INTO user_details (id, version, username, password, name, enabled, create_date, last_updated_date, number_of_visits)
 VALUES (null, 1, 'hmattews', 'password1', 'Hailey', true, '2014-04-15 12:00:00', '2014-04-19 11:30:00', 0);


INSERT INTO user_details (id, version, username, password, name, enabled, create_date, last_updated_date, number_of_visits)
 VALUES (null, 1, 'rmeany', 'password1', 'Robert', true, '2014-06-11 08:22:00', '2014-06-11 08:45:00', 0);

INSERT INTO user_details (id, version, username, password, name, enabled, create_date, last_updated_date, number_of_visits)
 VALUES (null, 1, 'psmith', 'password1', 'Paul', false, '2014-11-21 08:35:00', '2014-11-21 15:12:00', 0);

INSERT INTO user_details (id, version, username, password, name, enabled, create_date, last_updated_date, number_of_visits)
 VALUES (null, 1, 'kjones', 'password1', 'Karen', true, '2014-08-09 10:11:00', '2014-08-09 07:30:00', 0);

INSERT INTO user_details (id, version, username, password, name, enabled, create_date, last_updated_date, number_of_visits)
 VALUES (null, 1, 'lmattews', 'password1', 'Louise', true, '2014-04-15 12:00:00', '2014-04-19 11:30:00', 0);


INSERT INTO user_details (id, version, username, password, name, enabled, create_date, last_updated_date, number_of_visits)
 VALUES (null, 1, 'thepleb1', 'password1', 'Pleb', true, '2014-04-15 12:00:00', '2014-04-19 11:30:00', 0);

INSERT INTO user_details (id, version, username, password, name, enabled, create_date, last_updated_date, number_of_visits)
 VALUES (null, 1, 'thepleb2', 'password1', 'Pleb', true, '2014-04-15 12:00:00', '2014-04-19 11:30:00', 0);

INSERT INTO user_details (id, version, username, password, name, enabled, create_date, last_updated_date, number_of_visits)
 VALUES (null, 1, 'thepleb3', 'password1', 'Pleb', true, '2014-04-15 12:00:00', '2014-04-19 11:30:00', 0);

INSERT INTO user_details (id, version, username, password, name, enabled, create_date, last_updated_date, number_of_visits)
 VALUES (null, 1, 'thepleb4', 'password1', 'Pleb', true, '2014-04-15 12:00:00', '2014-04-19 11:30:00', 0);

INSERT INTO user_details (id, version, username, password, name, enabled, create_date, last_updated_date, number_of_visits)
 VALUES (null, 1, 'thepleb5', 'password1', 'Pleb', true, '2014-04-15 12:00:00', '2014-04-19 11:30:00', 0);

INSERT INTO user_details (id, version, username, password, name, enabled, create_date, last_updated_date, number_of_visits)
 VALUES (null, 1, 'thepleb6', 'password1', 'Pleb', true, '2014-04-15 12:00:00', '2014-04-19 11:30:00', 0);

INSERT INTO user_details (id, version, username, password, name, enabled, create_date, last_updated_date, number_of_visits)
 VALUES (null, 1, 'thepleb7', 'password1', 'Pleb', true, '2014-04-15 12:00:00', '2014-04-19 11:30:00', 0);

INSERT INTO user_details (id, version, username, password, name, enabled, create_date, last_updated_date, number_of_visits)
 VALUES (null, 1, 'thepleb8', 'password1', 'Pleb', true, '2014-04-15 12:00:00', '2014-04-19 11:30:00', 0);

INSERT INTO user_details (id, version, username, password, name, enabled, create_date, last_updated_date, number_of_visits)
 VALUES (null, 1, 'thepleb9', 'password1', 'Pleb', true, '2014-04-15 12:00:00', '2014-04-19 11:30:00', 0);

INSERT INTO user_details (id, version, username, password, name, enabled, create_date, last_updated_date, number_of_visits)
 VALUES (null, 1, 'thepleb10', 'password1', 'Pleb', true, '2014-04-15 12:00:00', '2014-04-19 11:30:00', 0);


INSERT INTO user_details (id, version, username, password, name, enabled, create_date, last_updated_date, number_of_visits)
 VALUES (null, 1, 'thepleb11', 'password1', 'Pleb', true, '2014-04-15 12:00:00', '2014-04-19 11:30:00', 0);

INSERT INTO user_details (id, version, username, password, name, enabled, create_date, last_updated_date, number_of_visits)
 VALUES (null, 1, 'thepleb12', 'password1', 'Pleb', true, '2014-04-15 12:00:00', '2014-04-19 11:30:00', 0);

INSERT INTO user_details (id, version, username, password, name, enabled, create_date, last_updated_date, number_of_visits)
 VALUES (null, 1, 'thepleb13', 'password1', 'Pleb', true, '2014-04-15 12:00:00', '2014-04-19 11:30:00', 0);

INSERT INTO user_details (id, version, username, password, name, enabled, create_date, last_updated_date, number_of_visits)
 VALUES (null, 1, 'thepleb14', 'password1', 'Pleb', true, '2014-04-15 12:00:00', '2014-04-19 11:30:00', 0);

INSERT INTO user_details (id, version, username, password, name, enabled, create_date, last_updated_date, number_of_visits)
 VALUES (null, 1, 'thepleb15', 'password1', 'Pleb', true, '2014-04-15 12:00:00', '2014-04-19 11:30:00', 0);

INSERT INTO user_details (id, version, username, password, name, enabled, create_date, last_updated_date, number_of_visits)
 VALUES (null, 1, 'thepleb16', 'password1', 'Pleb', true, '2014-04-15 12:00:00', '2014-04-19 11:30:00', 0);

INSERT INTO user_details (id, version, username, password, name, enabled, create_date, last_updated_date, number_of_visits)
 VALUES (null, 1, 'thepleb17', 'password1', 'Pleb', true, '2014-04-15 12:00:00', '2014-04-19 11:30:00', 0);

INSERT INTO user_details (id, version, username, password, name, enabled, create_date, last_updated_date, number_of_visits)
 VALUES (null, 1, 'thepleb18', 'password1', 'Pleb', true, '2014-04-15 12:00:00', '2014-04-19 11:30:00', 0);

INSERT INTO user_details (id, version, username, password, name, enabled, create_date, last_updated_date, number_of_visits)
 VALUES (null, 1, 'thepleb19', 'password1', 'Pleb', true, '2014-04-15 12:00:00', '2014-04-19 11:30:00', 0);

INSERT INTO user_details (id, version, username, password, name, enabled, create_date, last_updated_date, number_of_visits)
 VALUES (null, 1, 'thepleb20', 'password1', 'Pleb', true, '2014-04-15 12:00:00', '2014-04-19 11:30:00', 0);

INSERT INTO user_details_authorities (user_details, authorities) VALUES (1, 'ROLE_USER');
INSERT INTO user_details_authorities (user_details, authorities) VALUES (1, 'ROLE_ADMIN');
INSERT INTO user_details_authorities (user_details, authorities) VALUES (2, 'ROLE_USER');
INSERT INTO user_details_authorities (user_details, authorities) VALUES (3, 'ROLE_USER');
INSERT INTO user_details_authorities (user_details, authorities) VALUES (4, 'ROLE_USER');
INSERT INTO user_details_authorities (user_details, authorities) VALUES (5, 'ROLE_USER');
INSERT INTO user_details_authorities (user_details, authorities) VALUES (6, 'ROLE_USER');
INSERT INTO user_details_authorities (user_details, authorities) VALUES (7, 'ROLE_USER');
INSERT INTO user_details_authorities (user_details, authorities) VALUES (8, 'ROLE_USER');
INSERT INTO user_details_authorities (user_details, authorities) VALUES (9, 'ROLE_USER');
INSERT INTO user_details_authorities (user_details, authorities) VALUES (10, 'ROLE_USER');
INSERT INTO user_details_authorities (user_details, authorities) VALUES (12, 'ROLE_USER');
INSERT INTO user_details_authorities (user_details, authorities) VALUES (13, 'ROLE_USER');
INSERT INTO user_details_authorities (user_details, authorities) VALUES (14, 'ROLE_USER');
INSERT INTO user_details_authorities (user_details, authorities) VALUES (15, 'ROLE_USER');
INSERT INTO user_details_authorities (user_details, authorities) VALUES (16, 'ROLE_USER');
INSERT INTO user_details_authorities (user_details, authorities) VALUES (17, 'ROLE_USER');
INSERT INTO user_details_authorities (user_details, authorities) VALUES (18, 'ROLE_USER');
INSERT INTO user_details_authorities (user_details, authorities) VALUES (19, 'ROLE_USER');
INSERT INTO user_details_authorities (user_details, authorities) VALUES (20, 'ROLE_USER');

--create table tag (
--    tag varchar(255) not null,
--    description varchar(255) not null,
--    primary key (tag)
--)

INSERT INTO tag (tag, description) VALUES ('server-a', 'Server used primarily for DEV');
INSERT INTO tag (tag, description) VALUES ('server-b', 'Server used primarily for UAT');
INSERT INTO tag (tag, description) VALUES ('server-c', 'Server used primarily for CI');
INSERT INTO tag (tag, description) VALUES ('server-d', 'Server used to host Live applications');
INSERT INTO tag (tag, description) VALUES ('server-e', 'Server used to host Live applications');
INSERT INTO tag (tag, description) VALUES ('uat', 'User Acceptance Testing environment');
INSERT INTO tag (tag, description) VALUES ('live', 'Live environment');
INSERT INTO tag (tag, description) VALUES ('dev', 'Development environment');

--create table tag_implied (
--    tag varchar(255) not null,
--    implied varchar(255) not null
--)

INSERT INTO tag_implied (tag, implied) VALUES ('server-a', 'dev');
INSERT INTO tag_implied (tag, implied) VALUES ('server-b', 'uat');
INSERT INTO tag_implied (tag, implied) VALUES ('server-d', 'live');
INSERT INTO tag_implied (tag, implied) VALUES ('server-e', 'live');

--create table link (
--    id bigint generated by default as identity (start with 1),
--    version bigint,
--    name varchar(255) not null,
--    url varchar(255) not null,
--    description varchar(255) not null,
--    create_date timestamp not null,
--    created_by bigint,
--    last_updated_date timestamp not null,
--    updated_by bigint,
--    primary key (id)
--)

INSERT INTO link (id, version, name, url, description, create_date, created_by, last_updated_date, updated_by) VALUES (1, 1, 'Apache local', 'http://localhost', 'Local Apache web server on port 80', '2014-05-01 07:00:00', 1, '2014-05-01 07:30:00', 1);
INSERT INTO link (id, version, name, url, description, create_date, created_by, last_updated_date, updated_by) VALUES (2, 1, 'MediaWiki local', 'http://dokuwiki.local/doku.php', 'MediaWiki running on local Apache web server on port 80', '2014-05-01 07:00:00', 1, '2014-05-01 07:30:00', 1);

--create table link_tags (
--    link bigint not null,
--    tags varchar(255) not null
--)

INSERT INTO link_tags (link, tags) VALUES (1, 'server-a');
INSERT INTO link_tags (link, tags) VALUES (1, 'dev');
INSERT INTO link_tags (link, tags) VALUES (2, 'server-a');
INSERT INTO link_tags (link, tags) VALUES (2, 'dev');

--create table link_check (
--    id bigint generated by default as identity (start with 1),
--    version bigint,
--    launched_date timestamp not null,
--    launched_by bigint,
--    total_links_checked integer,
--    total_final_errors integer,
--    total_initial_errors integer,
--    primary key (id)
--)

INSERT INTO link_check (id, version, launched_date, launched_by, total_links_checked, total_final_errors, total_initial_errors) VALUES (1, 1, '2014-04-15 12:00:00', 1, 2, 0, 0);

--create table link_check_tags (
--    link_check bigint not null,
--    tags varchar(255) not null
--)

INSERT INTO link_check_tags (link_check, tags) VALUES (1, 'server-a');
INSERT INTO link_check_tags (link_check, tags) VALUES (1, 'dev');

--create table link_check_result (
--    id bigint generated by default as identity (start with 1),
--    link_id bigint,
--    linkcheck_id bigint,
--    attempt integer not null,
--    response_body varchar(255) not null,
--    response_code integer not null,
--    response_header varchar(255) not null,
--    response_size integer not null,
--    success boolean not null,
--    time_taken_millis bigint not null,
--    primary key (id)
--)

INSERT INTO link_check_result (id, link_id, linkcheck_id, attempt, response_body, response_code, response_header, response_size, success, time_taken_millis) VALUES (1, 1, 1, 1, 'RESPONSE BODY A', 200, 'RESPONSE HEADER A', 104, true, 3189);
INSERT INTO link_check_result (id, link_id, linkcheck_id, attempt, response_body, response_code, response_header, response_size, success, time_taken_millis) VALUES (2, 2, 1, 1, 'RESPONSE BODY B', 200, 'RESPONSE HEADER B', 111, true, 4290);

--create table link_check_results (
--    link_check bigint not null,
--    results bigint not null
--)

INSERT INTO link_check_results (link_check, results) VALUES (1, 1);
INSERT INTO link_check_results (link_check, results) VALUES (1, 2);


